01.地震04.火事	02.古文書	01.地震・津波	020.貞観地震（貞観11年5月26日）[869年7月13日]129.元禄地震（元禄16年11月23日）［1703年12月31日］134.宝永地震（宝永4年10月4日）［1707年10月28日］186.島原大変（寛政4年4月1日）[1792年5月21日]210.越後三条地震（文政11年11月12日）［1828年12月18日］228.善光寺地震（弘化4年3月24日）［1847年5月8日］234.小田原地震（嘉永6年2月2日）[1853年3月11日]235.伊賀上野地震（安政元年6月15日）[1854年7月9日]245.安政江戸地震（安政2年10月2日）［1855年11月11日］	有	01.和古書類	地震年代記	じしんねんだいき	31（含表紙）	17.8×11.5	浪花　文麗堂蔵板	1855	編年史料	和綴　1冊　見返し題：「大日本神代ヨリ　地震年代記」　神代から安政2年までの地震年代記、安政江戸地震について最も詳しい　絵図あり　「禁売」とあり　蔵書印あり（東京帝国大学図書・石本文庫）　	木版（多色刷）	15.東京	01.001-1	石本文庫26	L000001	35.689488	139.691706	35.689488	139.691706	 	 	 	 	 	 	 	 
01.地震	02.古文書	01.地震・津波	020.貞観地震（貞観11年5月26日）[869年7月13日]129.元禄地震（元禄16年11月23日）［1703年12月31日］228.善光寺地震（弘化4年3月24日）［1847年5月8日］234.小田原地震（嘉永6年2月2日）[1853年3月11日]235.伊賀上野地震（安政元年6月15日）[1854年7月9日]237.238.安政東南海地震（安政元年11月4,5日）[1854年12月23,24日]245.安政江戸地震（安政2年10月2日）［1855年11月11日］	有	01.和古書類	諸國地震年代記	しょこくじしんねんだいき	16（含表紙）	17.4×12.0	陰陽堂蔵	 	編年史料	和綴　1冊　安政江戸地震までの地震年代記（安政江戸地震について最も詳しい）、安政江戸地震の被害　絵図あり　蔵書印あり（東京帝国大学図書・石本文庫）　文書番号231と同一、文書番号1842も同じ内容だが表紙書入れの書名が「本朝地震記」になっている、（ID）L001152もほぼ同一だが末尾の1丁分を欠く　	木版	60.全国（諸国）	01.001-1	石本文庫27	L000002	 	 	 	 	恐震	 	 	 	 	 	 	 
01.地震04.火事	02.古文書	01.地震・津波	129.元禄地震（元禄16年11月23日）［1703年12月31日］134.宝永地震（宝永4年10月4日）［1707年10月28日］210.越後三条地震（文政11年11月12日）［1828年12月18日］	有	01.和古書類	本朝地震記　全	ほんちょうじしんき　ぜん	19（含表紙）	18.7×13.0	 	 	編年史料	和綴　1冊　文政期頃までの地震年代記（文政13年7月2日の地震について最も詳しい）　絵図あり　題箋欠　蔵書印あり（東京帝国大学図書・石本文庫）　文書番号1072，2161，（ID）L001158と同一	木版	60.全国（諸国）	01.001-1	石本文庫28	L000003	 	 	 	 	平安城 豊時成 編	 	 	 	 	 	 	 
01.地震04.火事	02.古文書	01.地震・津波	245.安政江戸地震（安政2年10月2日）［1855年11月11日］	有	01.和古書類	大江戸　地震後教　人事改正　平かな附	おおえど　じしんごきょう　じんじかいせい　ひらがなつき	5（除表紙）	17.5×11.5	大震堂	 	 	和綴　1冊　安政江戸地震の戯文集　「賣禁版」とあり　絵図あり　元の裏表紙を欠く　蔵書印あり（東京帝国大学図書・石本文庫）　文書番号2140とほぼ同一だが、2140には裏表紙・奥付あり、（ID）L001149は文書番号29と同じく奥付が無く同じ内容だが、版が違うもの	木版	15.東京	01.001-1	石本文庫29	L000004	35.689488	139.691706	35.689488	139.691706	南国 休應斎老人	安政2年10月2日	 	 	 	 	 	 
01.地震04.火事	02.古文書	01.地震・津波	245.安政江戸地震（安政2年10月2日）［1855年11月11日］	有	01.和古書類	江戸　大地震末代噺の種　全	えど　おおじしんまつだいはなしのたね　ぜん	16（含表紙）	17.3×11.0	 	 	 	折本　1冊　内題：関東大地震末代噺の種　安政江戸地震の被害や奇談　絵図あり　1紙目と裏表紙に墨書あり　1紙目破損　蔵書印あり（東京帝国大学図書・石本文庫）　文書番号1917，2482と同じ内容だが、1917，2482には乱丁箇所があり、形態も異なる	木版	15.東京	01.001-1	石本文庫30	L000005	35.689488	139.691706	35.689488	139.691706	 	安政2年10月2日	 	 	 	 	 	 
01.地震04.火事	02.古文書	01.地震・津波	245.安政江戸地震（安政2年10月2日）［1855年11月11日］	有	01.和古書類	安政息災記　全	あんせいそくさいき　ぜん	5（含表紙）	18.2×12.0	検調堂蔵	 	 	和綴　1冊　安政江戸大地震の被害　表紙に墨書あり　蔵書印あり（東京帝国大学図書・石本文庫）　文書番号395は版が異なる	木版	15.東京	01.001-1	石本文庫31	L000006	35.689488	139.691706	35.689488	139.691706	 	安政2年	 	 	 	 	 	 
01.地震	03.文書	01.地震・津波	272.濃尾地震（明治24 年10 月28日）[1891年]	有	01.和古書類	十二ヶ国大地しんくどき	じゅうにかこくおおじしんくどき	4（除表紙）	15.9×11.0	吉田栄吉（東京バクロ丁三丁目）	 	 	和綴　1冊　上・下合冊　下巻の書名：大ぢしんくどき　絵図あり　明治24年12月出版届　文書番号石本文庫32-2は版が異なる　蔵書印あり（東京帝国大学図書・石本文庫）	木版	20.富山（越中）21.石川（加賀．能登）22.福井（越前．若狭）24.山梨（甲斐）25.長野（信濃）26.岐阜（美濃．飛騨）27.静岡（駿河．遠江．伊豆）28.愛知（尾張．三河）29.三重（伊勢．伊賀．志摩）31.滋賀（近江）32.京都（山城．丹波．丹後）33.大阪（摂津．和泉．河内）	01.001-1	石本文庫32-1	L000007	 	 	 	 	 	明治24年10月28日	18911028	1891年10月28日	18911028	1891年10月28日	 	 
01.地震04.火事	02.古文書04.災害絵地図	01.地震・津波	245.安政江戸地震（安政2年10月2日）［1855年11月11日］	有	01.和古書類	江戸大地震并ニ出火場所細見録	えどおおじしんならびにしゅっかばしょさいけんろく	8（含表紙）	11.2×30.4	太平堂	1855	 	和綴　1冊　安政江戸地震の倒壊、出火場所について　絵図あり　「禁売」とあり　裏表紙に墨書「安政二年乙卯十月改」とあり　文書番号石本文庫257と同一	木版	15.東京	01.001-1	石本文庫33	L000008	35.689488	139.691706	35.689488	139.691706	千歳庵 述文	安政2年	 	 	 	 	 	 
04.火事	02.古文書	 	 	有	01.和古書類	大江戸焼場所明細之写　附出火方角画圖　戊午安政五年十一月十五日	おおえどやけばしょめいさいのうつし　つけたりしゅっかほうがくがず　ぼごあんせいごねんじゅういちがつじゅうごにち	4（含表紙）	11.4×29.7	 	 	 	和綴　1冊　安政5年11月15日の大火場所について　絵図あり　「禁賣買」とあり　蔵書印あり（印文不詳）	木版	15.東京	01.001-1	石本文庫34	L000009	35.689488	139.691706	35.689488	139.691706	 	安政5年11月15日	 	 	 	 	 	 
01.地震04.火事	02.古文書	01.地震・津波	245.安政江戸地震（安政2年10月2日）［1855年11月11日］	有	01.和古書類	地震類焼場所明細書之写　安政二卯年十月二日夜四ツ時過　御府内御屋敷方市中共、并街道筋近郷聞書	じしんるいしょうばしょめいさいしょのうつし　あんせいにうのとしじゅうがつふつかよるよつどきすぎ　ごふないおやしきかたしちゅうとも、ならびにかいどうすじきんごうききがき	7（含表紙）	11.9×30.5	 	 	 	和綴　1冊　安政江戸地震の倒壊、出火場所について　「禁賣」とあり	木版	15.東京	01.001-1	石本文庫35	L000010	35.689488	139.691706	35.689488	139.691706	 	安政2年10月2日	 	 	 	 	 	 
01.地震	03.文書	01.地震・津波	272.濃尾地震（明治24 年10 月28日）[1891年]	有	01.和古書類	十二ヶ国大地しんくどき	じゅうにかこくおおじしんくどき	4	15.9×11.1	吉田栄吉（東京バクロ丁三丁目）　	 	 	4紙（綴じ糸欠）　上・下合冊　下巻の書名：大地しんおすへいくどき　絵図あり　明治24年11月出版届　文書番号石本文庫32-1は版が異なる　「高橋氏」と墨書あり	木版	20.富山（越中）21.石川（加賀．能登）22.福井（越前．若狭）24.山梨（甲斐）25.長野（信濃）26.岐阜（美濃．飛騨）27.静岡（駿河．遠江．伊豆）28.愛知（尾張．三河）29.三重（伊勢．伊賀．志摩）31.滋賀（近江）32.京都（山城．丹波．丹後）33.大阪（摂津．和泉．河内）	01.001-1	石本文庫32-2	L001185	 	 	 	 	 	明治24年10月28日	18911028	1891年10月28日	18911028	1891年10月28日	 	 
01.地震04.火事	02.古文書04.災害絵地図	01.地震・津波	245.安政江戸地震（安政2年10月2日）［1855年11月11日］	有	01.和古書類	地震並出火細見記	じしんならびにしゅっかさいけんき	11（含表紙）	17.8×12.0	 	 	編年史料	和綴　1冊　安政大地震の類焼・倒壊被害　絵図あり　末尾に「往古より今安政二卯迄大地震津浪等古書にあるを記す」として白鳳5年から嘉永7年までの大地震・津波の一覧を載せる　　蔵書印あり（東京帝国大学図書・石本文庫）　文書番号1071と同一	木版（多色刷）	15.東京	01.001-2	石本文庫36	L000011	35.689488	139.691706	35.689488	139.691706	石野美満子 編	安政2年10月2日	 	 	 	 	 	 
04.火事	02.古文書	 	 	有	01.和古書類	鎮火用心集　全	ちんかようじんしゅう　ぜん	30（含表紙）	16.0×11.0	本石町四丁目大槙町本清板	1803	 	和綴　1冊　内題：回録用心集　火の用心について　蔵書印あり（水倉文庫・東京帝国大学図書・石本文庫）	木版	 	01.001-2	石本文庫38	L000012	 	 	 	 	 	 	 	 	 	 	 	 
04.火事	02.古文書	 	 	有	01.和古書類	防火要鎮土　附大火年月考　全	ぼうかようじんつち　つけたりたいかねんげつこう　ぜん	25（含表紙）	21.2×13.3	 	1829	 	和綴　1冊　火の用心について　蔵書印あり（東京帝国大学図書・石本文庫）　文書番号石本文庫39Bと同じ	木版	15.東京	01.001-2	石本文庫39A	L000013	 	 	 	 	司馬の屋よし門（新日吉御所内東都将監橋）	 	 	 	 	 	江戸 / 吉原 / 三芝居（堺町・葺屋町・木挽町）	 
01.地震05.洪水	02.古文書	01.地震・津波	228.善光寺地震（弘化4年3月24日）［1847年5月8日］	有	01.和古書類	［善光寺地震被害書上］	[ぜんこうじじしんひがいかきあげ]	3（除表紙）+折込図1	27.8×20.0	 	 	 	和綴　1冊　信濃国松代郡善光寺周辺の被害書上の写し　絵図あり	筆写本	25.長野（信濃）	01.001-2	石本文庫41	L000014	 	 	 	 	真田信濃守	弘化4年3月24日	 	 	 	 	 	 
01.地震03.津波	03.文書	01.地震・津波	281.明治三陸地震津波（明治29 年6 月15日）[1896年]	有	01.和古書類	奥州すじ大つなみおおあれくどき	おうしゅうすじおおつなみおおあれくどき	4（除表紙）	14.6×10.6	藤倉亀三郎（北埼玉郡須影村大字下川﨑四十八番地）	1896	 	和綴　1冊　上・下合冊　下巻の書名：大つなみくどき　絵図あり　蔵書印あり（東京帝国大学図書・石本文庫）　文書番号石本文庫42Bとは奥付情報が異なるが、1・3丁は同文、2・4丁は異なる	木版	01.北海道地方（蝦夷）02.東北地方（奥羽）	01.001-2	石本文庫42A	L000015	 	 	 	 	藤倉亀三郎（北埼玉郡須影村大字下川﨑四十八番地）	明治29年6月15日	18960615	1896年06月15日	18960615	1896年06月15日	 	 
03.津波	03.文書	01.地震・津波	281.明治三陸地震津波（明治29 年6 月15日）[1896年]	有	01.和古書類	岩手ケン宮城青森海嘯しんぶん	いわてけんみやぎあおもりつなみしんぶん	4（除表紙）	16.6×11.9	印刷発行兼者　平民　川シマ奥治郎（サイタマケン南サイタマ郡和土村十五バンチ）	1896	 	和綴　1冊　絵図あり　蔵書印あり（東京帝国大学図書・石本文庫）	木版	03.青森（陸奥）04.岩手（陸中）05.宮城（陸前）	01.001-2	石本文庫43	L000016	 	 	 	 	 	明治29年6月15日	18960615	1896年06月15日	18960615	1896年06月15日	 	 
03.津波	03.文書	01.地震・津波	281.明治三陸地震津波（明治29 年6 月15日）[1896年]	有	01.和古書類	三陸海嘯細見	さんりくつなみさいけん	8（除表紙）	18.5×12.9	鈴木甚吉（山形縣山形市大字七日町字柳町五百八十七番地）	1896	 	和綴　1冊　絵図あり　表紙のみ木版ヵ　蔵書印あり（東京帝国大学図書・石本文庫）	活字版	03.青森（陸奥）04.岩手（陸中）05.宮城（陸前）	01.001-2	石本文庫44	L000017	 	 	 	 	佐久間喜六（山形縣山形市大字七日町字柳町二百二十二番地） 編輯	明治29年6月15日	18960615	1896年06月15日	18960615	1896年06月15日	 	 
02.火山	03.文書	02.火山	 	有	01.和古書類	天明三癸卯七月信州浅間山焼出シ上州山津浪ニ付近國ヨリ御届書并訴書写	てんめいさんみずのとうしちがつ　しんしゅうあさまやまやけだし　じょうじゅうやまつなみにつききんごくよりおとどけがきならびにうったえがきうつし	25（除表紙）	24.8×17.5	 	1900	 	和綴　1冊　茨城縣猿島郡古河町大字悪戸新田　小堀豊吉氏所蔵史料を借用し写したもの　利根川治水協會録事根岸祐吉による奥書あり　蔵書印あり（利根川治水協會）	筆写本	12.群馬（上野）25.長野（信濃）	01.001-2	石本文庫45	L000018	 	 	 	 	利根川治水協會	天明3年7月7日	 	 	 	 	 	1783.浅間山（天明3年）[1783年]
02.火山	02.古文書	02.火山	 	有	01.和古書類	天明三卯年七月　浅間山焼注進写	てんめいさんうのとししちがつあさまやまやけちゅうしんうつし	15（除表紙）	24.2×17.2	 	 	 	和綴　1冊　天明3年の浅間山噴火について村方よりの注進を写したもの	筆写本	12.群馬（上野）13.埼玉（武蔵）15.東京25.長野（信濃）	01.001-2	石本文庫46	L000019	 	 	 	 	邑山 筆写	天明3年	 	 	 	 	 	1783.浅間山（天明3年）[1783年]
02.火山	02.古文書	02.火山	 	有	01.和古書類	信州浅間山焼	しんしゅうあさまやまやけ	7（含表紙）+折込図1	24.0×17.1	 	 	 	和綴　1冊　天明浅間噴火を伝える書状の写　絵図あり（彩色）	筆写本	12.群馬（上野）25.長野（信濃）	01.001-2	石本文庫47	L000020	 	 	 	 	 	天明3年	 	 	 	 	 	1783.浅間山（天明3年）[1783年]
11.その他	02.古文書	 	 	有	01.和古書類	浅間記	あさまき	28（含表紙）	24.0×17.2	 	 	 	和綴　1冊　富士浅間神社にまつわる長者伝説　蔵書印あり（東京帝国大学図書・石本文庫）	筆写本	 	01.001-2	石本文庫48	L000021	 	 	 	 	 	 	 	 	 	 	 	 
03.津波	03.文書	01.地震・津波	281.明治三陸地震津波（明治29 年6 月15日）[1896年]	有	01.和古書類	奥州すじ大つなみおおあれくどき	おうしゅうすじおおつなみおおあれくどき	4（含表紙）	15.8×10.9	 	1895	 	和綴　1冊　上・下合冊　下巻の書名：大つなみくどき　絵図あり　内容が明治三陸地震津波であり、且つ1・3丁目は文書番号石本文庫42Aと同じため発行年は誤まりヵ	木版	01.北海道地方（蝦夷）02.東北地方（奥羽）	01.001-2	石本文庫42B	L001186	 	 	 	 	荻野善吉（埼玉縣榛沢郡深谷町百廿二番地） 著作印刷兼発行	明治29年6月15日	18960615	1896年06月15日	18960615	1896年06月15日	 	 
04.火事	02.古文書	 	 	有	01.和古書類	防火要鎮土　附大火年月考　全	ぼうかようじんつち　つけたりたいかねんげつこう　ぜん	25（含表紙）	21.2×13.3	 	1829	 	和綴　1冊　火の用心について　文書番号石本文庫39Aと同じ　蔵書印あり（羽前白岩［　］蔵書・東京帝国大学図書・石本文庫）	木版	15.東京	01.001-2	石本文庫39B	L001197	 	 	 	 	司馬の屋よし門（新日吉御所内東都将監橋）	 	 	 	 	 	江戸 / 吉原 / 三芝居（堺町・葺屋町・木挽町）	 
02.火山	02.古文書	02.火山	 	有	01.和古書類	浅間大焼騒動記　上	あさまおおやけそうどうき　じょう	37（除表紙）	23.5×15.5	 	 	 	和綴　1冊（3冊の内）　内題：浅間山焼物語　巻之一　講談仕立の浅間噴火記　蔵書印あり（印文不詳）　文書番号石本文庫49-2，同49-3と一具	筆写本	 	01.001-3	石本文庫49-1	L000022	 	 	 	 	京都三条堀川　隠遁頑最 記	天明3年	 	 	 	 	 	1783.浅間山（天明3年）[1783年]
02.火山	02.古文書	02.火山	 	有	01.和古書類	浅間大焼騒動記　中	あさまおおやけそうどうき　ちゅう	37（除表紙）	23.5×15.5	 	 	 	和綴　1冊（3冊の内）　内題：浅間大焼騒動記　中　講談仕立の浅間噴火記　蔵書印あり（印文不詳）　文書番号石本文庫49-1，同49-3と一具	筆写本	 	01.001-3	石本文庫49-2	L000023	 	 	 	 	京都三条堀川　隠遁頑最 記	天明3年	 	 	 	 	 	1783.浅間山（天明3年）[1783年]
02.火山	02.古文書	02.火山	 	有	01.和古書類	浅間大焼騒動記　下	あさまおおやけそうどうき　げ	26（除表紙）	23.5×15.5	 	1830	 	和綴　1冊（3冊の内）　内題（表紙裏に貼りこまれている）：浅間焼物語　下　講談仕立の浅間噴火記　文政十三年寅二月廿一日祐射写之　蔵書印あり（印文不詳）文書番号石本文庫49-1，同49-2と一具　	筆写本	 	01.001-3	石本文庫49-3	L000024	 	 	 	 	京都三条堀川　隠遁頑最 記	天明3年	 	 	 	 	 	1783.浅間山（天明3年）[1783年]
11.その他	03.文書	 	 	有	01.和古書類	諸國温泉遊覽記　全	しょこくおんせんゆうらんき　ぜん	43（含表紙）	18.1×12.0	長谷（以下破損のため読めず）（東京神田鍛冶町六番地）	 	 	和綴　1冊　奥付の題：相州・豆州・上州温泉遊覧記　草津温泉・伊香保温泉・相州の部・豆州の部　絵図あり　蔵書印あり（東京帝国大学図書・石本文庫）　綴じ糸が切れている	木版	12.群馬（上野）16.神奈川（相模）27.静岡（駿河．遠江．伊豆）	01.001-3	石本文庫56	L000025	 	 	 	 	服部應賀（東京下谷西町三番地） 編	 	 	 	 	 	草津温泉 / 伊香保温泉　他	 
11.その他	03.文書	 	 	有	01.和古書類	温泉考	おんせんこう	55（含表紙）	19×12.5	須原屋伊八（江戸浅草茅町２丁目）	1794	 	和綴　1冊　温泉の効能についての解説　寛政6年丹波元簡廉夫・醫官杉本良識・北山山本喜六信有の序、善伯慶の跋あり　蔵書印あり（三楽堂蔵書・南藜閣・東京帝国大学図書・石本文庫）	木版	 	01.001-3	石本文庫57	L000026	 	 	 	 	原瑜（雙柱） 著 / 述齋 校	 	 	 	 	 	 	 
11.その他	03.文書	 	 	 	01.和古書類	日本温泉考	にほんおんせんこう	53（含表紙）	18.3×12.0	書肆　櫻水舎（東京新橋竹川町拾七番地）・丸屋善七（同日本橋通三丁目十四番地）・島村利助（同馬喰町二丁目五番地） / 桑田氏蔵版	1880	 	和綴　1冊　横浜司薬場教師ドクトルゲルツ著述「ド・ラ・ナチュール」と題する仏書より、日本鉱泉の部を抄訳し、且つ他書より抄出したものを加えて編纂したもの　蔵書印あり（東京帝国大学図書・石本文庫）	活字版	60.全国（諸国）	01.001-3	石本文庫58	L000027	 	 	 	 	桑田知明（東京麹町區有樂町壹丁目五番地） 輯譯並出板	 	 	 	 	 	 	 
11.その他	03.文書	 	 	有	01.和古書類	温冷泉試験表	おんれいせんしけんひょう	60（除表紙）	23.6 x16.8	 	1877	 	和綴　1冊　鉱泉・温泉の水質調査、及び温泉利用の実態調査	筆写本	12.群馬（上野）	01.001-3	石本文庫59	L000028	 	 	 	 	小沼東作（上野国吾妻郡原町衛生出張所長医員） 書	 	 	 	 	 	 	 
11.その他	03.文書	 	 	有	01.和古書類	箱根温泉誌　全	はこねおんせんし　ぜん	57（含表紙）	12.4×8.9	東京府平民　辻本九兵衛（東京京橋區南傳馬町壱丁目十番地）	1887	 	和綴　1冊　箱根温泉郷各所の性質・効能や名跡　絵図あり（絵は銅版ヵ）　蔵書印あり（東京帝国大学図書・石本文庫）	木版	16.神奈川（相模）	01.001-4	石本文庫60	L000029	 	 	 	 	東京府平民 淸水市次郎（東京京橋區加賀町拾壱番地） 編輯	 	 	 	 	 	箱根温泉	 
11.その他	02.古文書	 	 	有	01.和古書類	箱根七湯　温泉圖會　全	はこねしちとう　おんせんずえ　ぜん	21（含表紙）	23.0×15.8	小桜邑　板元　鳳砕堂円助・小船町弐丁目　村上喜右衛門・下谷廣徳寺前　和泉屋庄次郎	1847	 	和綴　1冊　外題：箱根山温泉圖會　箱根温泉の案内記　絵図あり　下小口に「箱根山温泉圖會　一冊」という付箋あり　蔵書印あり	木版	16.神奈川（相模）	01.001-4	石本文庫61	L000030	 	 	 	 	弄花山人	 	 	 	 	 	箱根温泉	 
11.その他	02.古文書	 	 	有	01.和古書類	伊豆國熱海温泉縁起	いずのくにあたみおんせんえんぎ	10（除表紙）	23.1×16.1	豆州熱海梓之	1688	 	和綴　1冊　熱海温泉の由来と効能　絵図あり　墨書書き入れあり　蔵書印あり	木版	27.静岡（駿河．遠江．伊豆）	01.001-4	石本文庫62	L000031	 	 	 	 	 	 	 	 	 	 	熱海温泉	 
11.その他	02.古文書	 	 	有	01.和古書類	豆州熱海温泉由来記	ずしゅうあたみおんせんゆらいき	5（含表紙）	24.7×16.4	豆州熱海　今井氏蔵版　	1756	 	和綴　1冊　内題：熱海温泉由来記　熱海温泉の由来　絵図あり　蔵書印あり	木版	27.静岡（駿河．遠江．伊豆）	01.001-4	石本文庫63	L000032	 	 	 	 	 	 	 	 	 	 	熱海温泉	 
11.その他	02.古文書	 	 	有	01.和古書類	熱海温泉圖彙（見返し題）	あたみおんせんずい	28（含表紙）	22.3×15.1	錦耕堂山口屋藤兵衛板（江戸馬喰町二丁目）	1832	 	和綴　1冊　熱海温泉の案内（江戸からの行程、熱海温泉の由来・効能・入浴方法、名所など）　絵図あり　題箋欠	木版	27.静岡（駿河．遠江．伊豆）	01.001-4	石本文庫64	L000033	 	 	 	 	山東庵京山 編/岩瀬京水・渓斎英泉・歌川国安 画図/洛橋舎楓川 傭書	 	 	 	 	 	熱海温泉	 
11.その他	03.文書	 	 	有	01.和古書類	熱海温泉考　全	あたみおんせんこう　ぜん	12（含表紙）	18.4×13.1	 	 	 	和綴　1冊　熱海温泉の科学分析とその効能　絵図あり　蔵書印あり（東京帝国大学図書・石本文庫・その他）	木版	27.静岡（駿河．遠江．伊豆）	01.001-4	石本文庫65	L000034	 	 	 	 	中島桑太	 	 	 	 	 	熱海温泉	 
11.その他	03.文書	 	 	有	01.和古書類	豆州熱海誌　完	ずしゅうあたみし　かん	38（含表紙）	22.5×14.9	直誠社（豆州熱海温泉宿）・石渡喜右衛門（同）	1878	 	和綴　1冊　見返し題：豆州熱海誌　柱題：熱海誌　地理・温泉・湯戸・山川名勝・社寺并行殿・産物　絵図あり　蔵書印あり（石本文庫）	木版	27.静岡（駿河．遠江．伊豆）	01.001-4	石本文庫66	L000035	 	 	 	 	埼玉縣民 大内青巒（藹々居士）（東京築地三丁目十八番地寄留） 著述并出版	 	 	 	 	 	熱海	 
11.その他	03.文書	 	 	有	01.和古書類	挿画熱海日記　全	さしえあたみにっき　ぜん	36（含表紙）	22.4×15.0	佐々木惣四郎（西京寺町本能寺前）・松村九兵衛（大坂心齋橋筋南一丁目）・北畠茂兵衛（東京通一丁目）・稲田佐兵衛（同二丁目）・山中市兵衛（同芝三島町） / 東京書屋　文玉圃梓	1883	 	和綴　1冊　内題：あたみ日記　見返し題：熱海日記　絵図あり　明治16年3月26日出版御届・同年6月に吉川半七が求板（原版持主は別所平七）　蔵書印あり（東京帝京大学図書・石本文庫・その他）	木版	27.静岡（駿河．遠江．伊豆）	01.001-4	石本文庫67	L000036	 	 	 	 	故人 藤原葛満	 	 	 	 	 	熱海	 
11.その他	03.文書	 	 	有	01.和古書類	熱海獨案内　全	あたみひとりあんない　ぜん	37（含表紙）+折込図1	22.7×15.4	小林新兵衛（東京日本橋通三丁目） / 遊仙洞上梓	1885・1889・1893	 	和綴　1冊　地理・温泉・湯戸・山川名勝・社寺并行殿旧墟・産物　朱点書き入れあり　「明治廿七年臘月」と墨書あり　綴じ糸が切れている　蔵書印あり（東京帝国大学図書）	活字版	27.静岡（駿河．遠江．伊豆）	01.001-4	石本文庫68	L000037	 	 	 	 	東京府平民 大内青巒（麻布北日下窪町二番地） 編輯	 	 	 	 	 	熱海	 
11.その他	03.文書	 	 	有	01.和古書類	伊豆国修善寺温泉名所記　全	いずのくにしゅぜんじおんせんめいしょき　ぜん	13（含表紙）	21.7×14.5	後藤仙造（駿州沼津上土町）	1880	 	和綴　1冊　内題：修善寺温泉名所記　尾題：温泉名所記　修善寺温泉の由来や名所など　絵図あり　蔵書印あり（東京帝国大学図書ヵ・石本文庫）	木版	27.静岡（駿河．遠江．伊豆）	01.001-4	石本文庫69	L000038	 	 	 	 	静岡縣平民 服部應賀（下谷西町三番地寄留） 編	 	 	 	 	 	修善寺温泉	 
11.その他	02.古文書	 	 	有	01.和古書類	草津温泉　入湯案内記	くさつおんせん　にゅうとうあんないき	8（除表紙）	24.0×13.5	 	 	 	和綴　1冊　草津温泉の効能及び案内　絵図あり　安政4年の年記あり　墨書書き入れあり　蔵書印あり（東京帝国大学図書・石本文庫）	木版	12.群馬（上野）	01.001-4	石本文庫71	L000039	 	 	 	 	 	 	 	 	 	 	草津温泉	 
11.その他	03.文書	 	 	有	01.和古書類	草津温泉誌　全	くさつおんせんし　ぜん	29（含表紙）	18.3×12.3	阿部善吉（東京市神田金澤町二十五番地） / 志勤堂書房蔵版	1888	 	和綴　1冊　内題：草津温泉誌　一名　入湯手引草　鑛泉発見ならびに沿革・効能・湯治の心得・名所など　絵図あり　袋あり　蔵書印あり（東京帝国大学図書・石本文庫）	木版（多色刷）	12.群馬（上野）	01.002-1	石本文庫72	L000040	 	 	 	 	湯本平内（六々生）（群馬縣吾妻郡草津村四十三番地） 著作兼発行	 	 	 	 	 	草津温泉	 
11.その他	03.文書	 	 	有	01.和古書類	仙臺釜崎　温泉養生記	せんだいかまさき　おんせんようじょうき	10（含表紙）	18.1×12.3	鎌先湯元最上屋卯兵衛刊ヵ	 	 	和綴　1冊　温泉の効能及び温泉宿最上屋の広告　裏表紙に「平沢邑廣久保　村田重吉」と墨書あり　蔵書印あり（東京帝国大学図書・石本文庫）	木版	05.宮城（陸前）	01.002-1	石本文庫73	L000041	 	 	 	 	 	 	 	 	 	 	鎌先温泉	 
11.その他	02.古文書	 	 	有	01.和古書類	温泉来由記	おんせんらいゆき	15（含表紙）	23.5×16.2	山川氏（伊勢国榊原湯元）蔵板	 	 	和綴　1冊　温泉案内及び榊原温泉の広告　絵図あり	木版	29.三重（伊勢．伊賀．志摩）	01.002-1	石本文庫74	L000042	 	 	 	 	 	 	 	 	 	 	榊原温泉	 
11.その他	03.文書	 	 	有	01.和古書類	山中温泉縁記并ニ入浴之心得	やまなかおんせんえんぎならびににゅうよくのこころえ	10（含表紙）	17.0×12.0	薬王寺蔵版	1895	 	10紙（綴じ糸欠）　山中温泉の由来・入浴の心得　絵図あり　奥付や裏表紙など欠　蔵書印あり（東京帝国大学図書・石本文庫）	木版（彩色）	21.石川（加賀．能登）	01.002-1	石本文庫75	L000043	 	 	 	 	 	 	 	 	 	 	山中温泉	 
11.その他	03.文書	 	 	有	01.和古書類	但州城崎浴湯辧	たんしゅうきのさきよくとうのべん	63（除表紙）	7.2×16.2	但馬湯嶋山﨑屋勘十郎刊ヵ	 	 	和綴（袖珍本）　1冊　城崎温泉の案内ならびに但馬湯島山崎屋勘十郎の温泉宿案内　絵図あり　蔵書印あり（東京帝国大学図書・石本文庫）	木版	34.兵庫（播磨．但馬．淡路）	01.002-1	石本文庫77	L000044	 	 	 	 	 	 	 	 	 	 	城崎温泉	 
11.その他	03.文書	 	 	有	01.和古書類	上州伊香保鑛泉圖會　全	じょうしゅういかほおんせんずえ　ぜん	20（含表紙）	22.3×14.9	伊香保物産　買捌　廉盟舍中	 	 	和綴　1冊　内題：伊香保鑛泉圖會　伊香保温泉の案内　絵図あり　蔵書印あり（東京帝国大学図書・石本文庫・秋元蔵書）	木版	12.群馬（上野）	01.002-1	石本文庫80	L000045	 	 	 	 	篠田仙果（東京神田區仲町一丁目十一番地） 編輯兼出版 / 橋本周延（東京本郷區湯島天神町三丁目十一番地） 画	 	 	 	 	 	伊香保温泉	 
11.その他	03.文書	 	 	有	01.和古書類	鎌先温泉由來記	かまさきおんせんゆらいき	27（含表紙）+折込図1	21.7×15.0	群龍堂（宮城縣鎌先）	1891	 	和綴　1冊　鎌先温泉の由来・名所・効能・入浴方法など　絵図あり　題箋欠　文書番号石本文庫84Bは同じ本だが、84Bは見返し・折込図・22丁・奥付を欠く　蔵書印あり（東京帝国大学図書・石本文庫）	木版	05.宮城（陸前）	01.002-1	石本文庫84A	L000046	 	 	 	 	石川磨（茂實翁）（宮城縣刈田郡福岡村）	 	 	 	 	 	鎌先温泉	 
11.その他	02.古文書	 	 	 	01.和古書類	日光山中禅寺　温泉記　全	にっこうさんちゅうぜんじ　おんせんき　ぜん	11（含表紙）	12.0×18.4	 	 	 	和綴　1冊　日光中禅寺温泉の案内　絵図あり　蔵書印あり（東京帝国大学図書・石本文庫）	木版	11.栃木（下野）	01.002-1	石本文庫85	L000047	 	 	 	 	#髪経世人中山子（#は「髟」の下に「真」）	 	 	 	 	 	日光中禅寺温泉	 
11.その他	03.文書	 	 	有	01.和古書類	塩原繁昌記　全	しおばらはんじょうき　ぜん	44（含表紙）	15.0×10.6	栃木縣平民　君嶋玄一（下野國塩谷郡下塩原拾七番地居住） / 君嶋氏蔵梓	1886	 	和綴　1冊　塩原温泉の案内、各湯の効能をまとめた一覧表あり　絵図あり　袋あり　蔵書印あり（東京帝国大学図書・東京大学・石本文庫）　綴じ糸が切れている	木版	11.栃木（下野）	01.002-1	石本文庫88	L000048	 	 	 	 	宮城縣平民 錦石秋（磐城國伊具郡角田三百廿八番地居住） 編輯	 	 	 	 	 	塩原	 
07.天文学	02.古文書	 	 	有	01.和古書類	［晴雨考］	［せいうこう］	20（含表紙）	17.4×12.0	尾城書林　東壁堂東四郎（本町七丁目）蔵板	1805	 	和綴　1冊　陰陽五行説による天候解説　構成：序文、「年中風の考」、「丙寅晴雨考　年中總考」、「附翼八節雲氣」	木版	 	01.002-1	石本文庫91	L000049	 	 	 	 	 	 	 	 	 	 	 	 
11.その他	02.古文書	 	 	有	01.和古書類	三世相出雲當座帳　上下冊	さんぜそういずもとうざちょう　じょうげさつ	24（含表紙）	17.7×12.0	錦橋堂上梓	1846	 	和綴　1冊　上・下合冊　男女の相性を題材とした草双紙　絵図あり　蔵書印あり（東京帝国大学図書・石本文庫）	木版（多色刷）	 	01.002-1	石本文庫92	L000050	 	 	 	 	一猛斎芳虎 画 / 暁花園悟蝶 作	 	 	 	 	 	 	 
04.火事	02.古文書	 	 	有	01.和古書類	あきの日照	あきのひでり	22（含表紙）	17.5×12.2	 	 	 	和綴　1冊　元治元年七月十九日の京都大火　絵図あり　蔵書印あり（東京帝国大学図書・石本文庫・水田■蔵書）	木版	32.京都（山城．丹波．丹後）	01.002-1	石本文庫93	L000051	 	 	 	 	 	元治元年	 	 	 	 	 	 
09.気象11.その他	03.文書	 	 	 	01.和古書類	史籍集覽　朝鮮陣古文・細井廣澤記・颶風紀事・天明七年將軍宣下次第書　全	しせきしゅうらん　ちょうせんじんこぶん・ほそいこうたくき・ぐふうきじ・てんめいしちねんしょうぐんせんげしだいがき　ぜん	46（含表紙）	18.5×12.5	近藤活版所（深川公園内）	 	 	和綴　1冊　内容①朝鮮陣古文　②廣沢記　③颶風紀事　④天明七丁未歳四月十五日將軍宣下御轉任御兼任御次第　⑤承應元年別木林以下徒黨一件書付　颶風紀事は癸未（文政6年ヵ）8月17日の記録　蔵書印あり	活字版	15.東京	01.002-1	石本文庫94	L000052	 	 	 	 	故人 無名氏	癸未8月17日	 	 	 	 	江戸	 
11.その他	03.文書	 	 	 	01.和古書類	鎌先温泉由來記	かまさきおんせんゆらいき	24（含表紙）	21.7×14.9	 	 	 	和綴　1冊　絵図あり　文書番号石本文庫84Aと同じ本だが、こちらは見返し・折込図・22丁・奥付を欠く　蔵書印あり（東京帝国大学図書・石本文庫）	木版	05.宮城（陸前）	01.002-1	石本文庫84B	L001187	 	 	 	 	石川茂實翁 編輯	 	 	 	 	 	鎌先温泉	 
09.気象	03.文書	 	 	有	01.和古書類	暦日往来　單	れきじつおうらい　たん	49（含表紙）	22.3×15.0	須原屋茂兵衛（日本橋通一丁目）・山城屋佐兵衛（同二丁目）・和泉屋市兵衛（芝明神前）　外7名/坂蔵版	1875	 	和綴　1冊　暦を題材とした往来物　西洋インク使用ヵ　蔵書印あり（石本文庫・その他）　綴じ糸が切れている	木版	 	01.002-2	石本文庫95	L000053	 	 	 	 	坂昇平（駿河） 著	 	 	 	 	 	 	 
07.天文学09.気象11.その他	02.古文書	 	 	有	01.和古書類	訓蒙天地辨　天	きんもうてんちべん　てん	29（含表紙）	22.5×15.9	嵩山房　小林新兵衛（日本橋南二丁目）・青黎閣　須原屋伊八（下谷池之端仲町）	（1792）	 	和綴　1冊（3冊の内）　内題：訓蒙天地辨　上巻　天文・天気などの自然現象の解説　絵図あり　蔵書印あり（澤井）　文書番号石本文庫96-2，同96-3と一具	木版	 	01.002-2	石本文庫96-1	L000054	 	 	 	 	高井哂我（文左衛門） （東武）	 	 	 	 	 	 	 
01.地震07.天文学09.気象11.その他	02.古文書	 	 	有	01.和古書類	訓蒙天地辨　地	きんもうてんちべん　ち	28（含表紙）	22.5×15.9	（嵩山房　小林新兵衛（日本橋南二丁目）・青黎閣　須原屋伊八（下谷池之端仲町））	（1792）	 	和綴　1冊（3冊の内）　内題：訓蒙天地辨　中巻　天文・天気などの自然現象の解説　この巻、地震について記述あり　絵図あり　文書番号石本文庫96-1，同96-3と一具　蔵書印あり（澤井）	木版	 	01.002-2	石本文庫96-2	L000055	 	 	 	 	高井哂我（文左衛門）	 	 	 	 	 	 	 
07.天文学09.気象11.その他	02.古文書	 	 	有	01.和古書類	訓蒙天地辨　人	きんもうてんちべん　じん	15（含表紙）	22.5×15.9	嵩山房　小林新兵衛（日本橋南二丁目）・青黎閣　須原屋伊八（下谷池之端仲町）	1792	 	和綴　1冊（3冊の内）　内題：訓蒙天地辨　下巻　天文・天気などの自然現象の解説　絵図あり　蔵書印あり（澤井）　文書番号石本文庫96-1，同96-2と一具	木版	 	01.002-2	石本文庫96-3	L000056	 	 	 	 	高井哂我（文左衛門）	 	 	 	 	 	 	 
09.気象11.その他	02.古文書	 	 	 	01.和古書類	天時占候　二	てんじせんこう　に	25（含表紙）	22.4×16.0	 	 	 	和綴　1冊（2冊の内）　内題：新?天時占候　巻之二　自然現象の解説と占い　文書番号石本文庫97-4と一具	木版	 	01.002-2	石本文庫97-2	L000057	 	 	 	 	東武後学 箕輪蕃昌 輯	 	 	 	 	 	 	 
01.地震09.気象11.その他	02.古文書	 	 	 	01.和古書類	天時占候　四	てんじせんこう　よん	30（含表紙）	22.4×16.1	 	 	 	和綴　1冊（2冊の内）　内題：新?天時占候　巻之四　自然現象の解説と占い　この巻、地震について記述あり　文書番号石本文庫97-2と一具	木版	 	01.002-2	石本文庫97-4	L000058	 	 	 	 	東武後学 箕輪蕃昌 輯	 	 	 	 	 	 	 
01.地震02.火山11.その他	03.文書	 	 	 	01.和古書類	百科全書　地文學　全	ひゃっかぜんしょ　ちもんがく　ぜん	59（含表紙）	22.2×14.7	文部省 / 翻刻出版人　東京府平民　山岸佐吉（日本橋區檜物町拾壹番地） / 發兌　各書肆	1882	 	和綴　1冊　内題：地文學　地文学についての解説書　地震火山論あり　絵図あり　	木版	 	01.002-2	石本文庫98	L000059	 	 	 	 	關藤成緒 譯	 	 	 	 	 	 	 
07.天文学	02.古文書	 	 	 	01.和古書類	日食度	にっしょくど	32（含表紙）	25.3×17.2	 	1863	 	和綴　1冊　天保10年の陰陽道に基づく日食に関する計算　絵図あり　石橋輛吉の写し　表紙に「石橋秘書」とあり	筆写本	 	01.002-2	石本文庫99	L000060	 	 	 	 	随朝陳（平安）	 	 	 	 	 	 	 
11.その他	03.文書	 	 	 	01.和古書類	［天文時改正ノ諸説（内務省）　ほか］	［てんもんじかいせいのしょせつ（ないむしょう）　ほか］	32（含表紙）	26.7×19.1	 	 	 	和綴　1冊　内容①「天文時改正ノ諸説（内務省）」②「普通子午線議定萬國公會（内務省）」③本初子午線及計時法ニ關スル意見并申報（文部省）」　「内閣」の罫紙を使用　題箋欠　虫損がひどい	筆写本	 	01.002-3	石本文庫100	L000061	 	 	 	 	 	 	 	 	 	 	 	 
11.その他	03.文書	 	 	 	01.和古書類	鑷力観測報告	じりょくかんそくほうこく	10（含表紙）	26.8×19.2	 	 	 	和綴　1冊　「鑷力観測報告（農商務省）」（明治15・16年農商務省地質局観測）　「内閣」の罫紙を使用	筆写本	60.全国（諸国）	01.002-3	石本文庫101	L000062	 	 	 	 	 	 	 	 	 	 	 	 
09.気象	03.文書	 	 	 	01.和古書類	虹及ハロノ説明	にじおよびはろのせつめい	18（含表紙）	27.4×19.9	 	 	 	和綴　1冊　虹とハロ（暈）についての解説書　絵図あり	筆写本（稿本）	 	01.002-3	石本文庫102	L000063	 	 	 	 	 	 	 	 	 	 	 	 
11.その他	03.文書	 	 	 	01.和古書類	西洋雜記　乾	せいようざっき　けん	39（含表紙）	23.0×16.1	 	 	 	和綴　1冊（2冊の内）　西洋雑記二編巻之一・巻之ニ　諸国の伝説・風俗等を解説したもの　絵図あり　蔵書印あり　文書番号石本文庫103-2と一具	筆写本	 	01.002-3	石本文庫103-1	L000064	 	 	 	 	小東洋 夢遊道人 筆録	 	 	 	 	 	 	 
07.天文学	03.文書	 	 	 	01.和古書類	日蝕録　全	にっしょくろく　ぜん	51（含表紙）+折込2紙	22.6×15.4	 	 	 	和綴　1冊　内題：明治二十年八月十九日日蝕　日蝕畧記　見返し題：百年一度明治日蝕録　明治20年8月19日の日蝕の記録　絵図あり　	筆写本（稿本ヵ）	60.全国（諸国）	01.002-3	石本文庫104	L000065	 	 	 	 	原沢仲 編輯	 	 	 	 	 	 	 
01.地震02.火山03.津波11.その他	02.古文書	01.地震・津波 / 02.火山	 	 	01.和古書類	天明奇畧　全	てんめいきりゃく　ぜん	53（含表紙）	24.1×16.6	 	1860	 	和綴　1冊　医者橘石見之助の天明期飢饉見聞記、救荒食について　天明2年7月15日の地震・天明3年の浅間山噴火・天明6年夏秋の霖雨大水・その後の諸国凶作・米穀高騰・大坂や江戸の騒動についても記述あり　万延元年申卯月15日山下氏の写し	筆写本	03.青森（陸奥）12.群馬（上野）15.東京16.神奈川（相模）25.長野（信濃）33.大阪（摂津．和泉．河内）	01.002-3	石本文庫105	L000066	 	 	 	 	 	天明2年7月15日（他）	 	 	 	 	 	1783.浅間山（天明3年）[1783年]
11.その他	03.文書	 	 	 	01.和古書類	西洋雜記　坤	せいようざっき　こん	30（含表紙）	22.9×16.1	 	 	 	和綴　1冊（2冊の内）　内題：西洋雑記　朱筆あり　文書番号石本文庫103-1と一具　蔵書印あり	筆写本	 	01.002-3	石本文庫103-2	L001188	 	 	 	 	小東洋 夢遊道人 筆録	 	 	 	 	 	 	 
11.その他	03.文書	 	 	 	01.和古書類	[時計に関する冊子]	［とけいにかんするさっし］	65（除表紙）	15.9×11.8	ファブルブラント（横濵七十五番・大坂川口十番）ヵ	 	 	和綴　1冊　時計の取扱い注意事項や広告など　絵図あり　	木版	 	01.002-4	石本文庫106	L000067	 	 	 	 	 	 	 	 	 	 	 	 
10.測地	02.古文書	 	 	有	01.和古書類	量地指南　巻之一	りょうちしなん　まきのいち	30（含表紙）	27.1×18.7	野田彌兵衛　鏤梓	（1733）	 	和綴　1冊（3冊の内）　見返し題：圖解　量地指南　前編三冊　測量術　絵図あり　文書番号石本文庫107-2，同107-3と一具	木版	 	01.002-4	石本文庫107-1	L000068	 	 	 	 	南勢 處士 村井昌弘 編述	 	 	 	 	 	 	 
10.測地	02.古文書	 	 	有	01.和古書類	量地指南　巻之二	りょうちしなん　まきのに	29（含表紙）	27.1×18.8	（京都　野田彌兵衛庸春・江戸　野田太兵衛量久　仝刻）	（1733）	 	和綴　1冊（3冊の内）　測量術　絵図あり　文書番号石本文庫107-1，同107-3と一具	木版	 	01.002-4	石本文庫107-2	L000069	 	 	 	 	南勢 處士 村井昌弘 編述	 	 	 	 	 	 	 
10.測地	02.古文書	 	 	有	01.和古書類	量地指南　巻之三	りょうちしなん　まきのさん	29（含表紙）	27.1×18.7	京都　野田彌兵衛庸春・江戸　野田太兵衛量久　仝刻	1733	 	和綴　1冊（3冊の内）　測量術　絵図あり　文書番号石本文庫107-1，同107-2と一具	木版	 	01.002-4	石本文庫107-3	L000070	 	 	 	 	南勢 處士 村井昌弘 編述	 	 	 	 	 	 	 
01.地震02.火山08.地理学	03.文書	 	 	有	01.和古書類	訓蒙　天然地理學　上	くんもう　てんねんちりがく　じょう	47（含表紙）	22.0×14.9	（書友社）	（1873）	 	和綴　1冊（3冊の内）　柱刻：天然地理學巻之一　地理・火山・気候などの知識書　亜版コル子ル氏の地理誌より譯出したものに他の地理誌、あるいは理学書の説を加えたもの　明治6年訳者の凡例あり　目次あり　第一章～第七章　絵図あり　目次と本文の間の挿絵のみ銅版　蔵書印あり（鈴木・豆州熱海）　文書番号石本文庫108（Ａ）-2・3と一具　文書番号2159-1と同一の内容（表紙・挿絵の一部が違うが本文の版木は同じ）	木版（多色刷）	 	01.002-4	石本文庫108(A)-1	L000071	 	 	 	 	鳥山啓 訳 / （山山斎小神 図画） / （コーネル 原著） / 銅版の挿紙：水口貞孝 鐫	 	 	 	 	 	 	 
08.地理学11.その他	03.文書	 	 	有	01.和古書類	訓蒙　天然地理學　中	くんもう　てんねんちりがく　ちゅう	40（含表紙）	22.0×15.0	（書友社）	（1873）	 	和綴　1冊（3冊の内）　内題・柱刻：天然地理學巻之二　地理・火山・気候などの知識書　第八章～第十三章　絵図あり　蔵書印あり（鈴木・豆州熱海）　文書番号石本文庫108（Ａ）-1・3と一具　文書番号石本文庫108（Ｂ）-2，2159-2と同一の内容（表紙が違うが本文の版木は同じ）	木版（多色刷）	 	01.002-4	石本文庫108(A)-2	L000072	 	 	 	 	（鳥山啓 訳述 / 山山斎小神 図画）	 	 	 	 	 	 	 
08.地理学09.気象11.その他	03.文書	 	 	有	01.和古書類	訓蒙　天然地理學　下	くんもう　てんねんちりがく　げ	37（含表紙）	22.0×14.9	書友社　小川金助、中西嘉助、中川藤四郎	1873	 	和綴　1冊（3冊の内）　柱刻：天然地理學巻之三　地理・火山・気候などの知識書　絵図あり　文書番号108（Ａ）-1・2と一具　蔵書印あり（鈴木・豆州熱海）　文書番号石本文庫108（Ｂ）-3，2159-3と同一の内容（表紙が違うが版木は同じ）	木版（多色刷）	 	01.002-4	石本文庫108(A)-3	L000073	 	 	 	 	紀陽 鳥山啓 訳述 / 播陽 山山斎小神 画圖	 	 	 	 	 	 	 
08.地理学11.その他	03.文書	 	 	有	01.和古書類	訓蒙　天然地理學　中	くんもう　てんねんちりがく　ちゅう	40（含表紙）	22.0×14.9	（松香堂　中西嘉助（京都知恩院古門前三吉町））	 	 	和綴　1冊（2冊の内）　内題・柱題：天然地理學巻之二　尾題：天然地理學巻之中　地理・火山・気候などの知識書　第八章～第十三章　絵図あり　蔵書印あり（松田蔵書）　文書番号石本文庫108（Ｂ）-3と一具　文書番号石本文庫108（Ａ）-2と同一の内容（表紙が違うが本文の版木は同じ）	木版（多色刷）	 	01.003-1	石本文庫108(B)-2	L000074	 	 	 	 	 	 	 	 	 	 	 	 
08.地理学09.気象11.その他	03.文書	 	 	有	01.和古書類	訓蒙　天然地理學　下	くんもう　てんねんちりがく　げ	36（含表紙）	22.0×14.9	松香堂　中西嘉助（京都知恩院古門前三吉町）	 	 	和綴　1冊（2冊の内）　内題：天然地理學巻之下　尾題・柱題：天然地理學巻之三　地理・火山・気候などの知識書　第十四章～第十七章　絵図あり　蔵書印あり（松田蔵書）　文書番号石本文庫108（Ｂ）-2と一具　文書番号石本文庫108（Ａ）-3と同一の内容（表紙が違うが本文の版木は同じ）	木版（多色刷）	 	01.003-1	石本文庫108(B)-3	L000075	 	 	 	 	 	 	 	 	 	 	 	 
01.地震02.火山11.その他	03.文書	 	 	有	01.和古書類	地形論　巻二	ちけいろん　まきのに	51（含表紙）+折込図2	24.0×16.4	山本榮次郎（神田區佐久間町三丁目三十七番地）・土屋忠兵衛（芝區柴井町十六番地）・須原屋茂兵衛（日本橋區日本橋通一丁目十五番地）・和泉屋市兵衛（芝區三島町九番地）・山形屋半次郎（京橋區南傳馬町一丁目十番地） / 帆足氏蔵版	1879	 	和綴　1冊　第四章　火山及地震・第五章　大洋・第六章　内地水　絵図あり　折込図「第三輿地圖」破損	銅版ヵ（多色刷）	 	01.003-1	石本文庫109	L000076	 	 	 	 	米國 コーネル 著 / 帆足義兼（神田區佐久間町四丁目廿四番地） 翻譯兼出版 / 中村正直 校正	 	 	 	 	 	 	 
11.その他	03.文書	 	 	 	01.和古書類	永代惨話　文化の夢　全	えいたいさんわ　ぶんかのゆめ　ぜん	56（含表紙）	17.9×12.0	東京發賣所　萬字堂本店（東京京橋區木挽町一丁目六番地） / 大坂發兌元　岡島支店（大坂備後町四丁目三番地） / 横濱發兌元　萬字堂支店（横濱太田町三丁目四十九番地）	1883	 	和綴　1冊　文化4年8月19日の永代橋断落事故について　絵図あり　裏表紙に「川嵜■■子」と墨書あり　蔵書印あり（東京帝国大学図書・石本文庫）	活字版（絵は木版ヵ）	15.東京	01.003-1	石本文庫112	L000077	 	 	 	 	大分縣士族 佐藤藏太郎（菊亭香水）（東京府京橋區木挽町一丁目六番地 淺井重光方） 編輯	文化4年8月19日	 	 	 	 	江戸	 
02.火山	03.文書	02.火山	 	有	01.和古書類	福嶋縣岩代国　ばんだいさん一ツトセぶし	ふくしまけんいわしろのくに　ばんだいさんひとつとせぶし	2（含表紙）	13.7×11.0	佐野金之助（下谷区御徒町一丁目四十三ハンチ）	1888	 	和綴　1冊　1888年の磐梯山噴火についての戯文　絵図あり　蔵書印あり（石本文庫・その他）	木版	08.福島（岩代．磐城）	01.003-1	石本文庫115	L000078	 	 	 	 	佐野金之助（下谷区御徒町一丁目四十三ハンチ）	明治21年7月15日	18880715	1888年07月15日	18880715	1888年07月15日	 	 
01.地震07.天文学09.気象11.その他	03.文書	 	 	 	01.和古書類	天変地異　全	てんぺんちい　ぜん	33（含表紙）	18.2×12.0	慶應義塾同社蔵版	1868	 	和綴　1冊　地震・雷・彗星など自然界の不思議を科学的に考証した複数の洋書を抄訳し、わが国の例を加え読みやすくしたもの　絵図あり　蔵書印あり（東京帝国大学図書・石本文庫）　文書番号石本文庫116（Ｂ），石本文庫117，397，2139-1，（ID）Ｌ001156と同じ内容（ただし116Ａと同一なのは（ID）Ｌ001156のみ、石本文庫116Ｂは表紙版木・出版年月日が違う、石本文庫117は大きさ等が違う、397と2139-1は表紙・版木が違う）	木版（一部銅版ヵ）	 	01.003-1	石本文庫116(A)	L000079	 	 	 	 	慶應義塾同社 小幡篤次郎	 	 	 	 	 	 	 
01.地震07.天文学09.気象11.その他	03.文書	 	 	 	01.和古書類	天変地異	てんぺんちい	17（含表紙）	21.9×14.7	 	 	 	和綴　1冊　地震・雷・彗星など自然界の不思議を科学的に考証した複数の洋書を抄訳し、わが国の例を加え読みやすくしたもの　絵図あり　蔵書印あり（東京帝国大学図書・石本文庫）　文書番号石本文庫116（A）（B），石本文庫117，397，2139-1，（ID）Ｌ001156と同じ内容（ただし石本文庫116Ａと同一なのは（ID）Ｌ001156のみ、石本文庫116Ｂは表紙版木・出版年月日が違う、117は序・目録・凡例が無く大きさも違う、397と2139-1は表紙・版木が違う）	木版	 	01.003-1	石本文庫117	L000080	 	 	 	 	（小幡篤次郎）	 	 	 	 	 	 	 
09.気象	03.文書	 	 	 	01.和古書類	変異辧　全	へんいべん　ぜん	27（含表紙）	18.1×12.6	書林会社（大坂安土町4丁目）、石井和助（大坂安土町心斎橋筋）	1873	 	和綴　1冊　内題：變異辨　一名天變地異拾遺　自然界の不思議（自然現象）について、明治元年小幡篤次郎著「天変地異」に洩れた自然界の現象について、1866年以来の書より訳出したものを引用し、科学的に解明しようとした著作　坂本秀岱の序あり　絵図あり　裏表紙に「古塚熊次郎」とあり　蔵書印あり（石本文庫、ほか）　文書番号2139-2と同一だが、石本文庫118の絵図には彩色なし、2139-2には彩色あり	木版	 	01.003-1	石本文庫118	L000081	 	 	 	 	紀州和歌山 鳥山啓	 	 	 	 	 	 	 
01.地震07.天文学09.気象11.その他	03.文書	 	 	 	01.和古書類	天変地異	てんぺんちい	33（含表紙）	17.7×12.0	慶應義塾同社蔵版	1868	 	和綴　1冊　地震・雷・彗星など自然界の不思議を科学的に考証した複数の洋書を抄訳し、わが国の例を加え読みやすくしたもの　絵図あり　文書番号石本文庫116(A)，石本文庫117，397，2139-1，（ID）Ｌ001156と同じ内容（ただし石本文庫116Ａと同一なのはＬ001156のみ、石本文庫116Ｂは表紙版木・出版年月日が違う、石本文庫117は大きさ等が違う、397と2139-1は表紙・版木が違う）　蔵書印あり（東京帝国大学図書・石本文庫）	木版	 	01.003-1	石本文庫116(B)	L001198	 	 	 	 	慶應義塾同社 小幡篤次郎	 	 	 	 	 	 	 
01.地震07.天文学09.気象11.その他	02.古文書	 	 	 	01.和古書類	天地或問珍　天	てんちわくもんちん　てん	58（含表紙）	21.8×15.3	（須原屋茂兵衛　ほか）　	 	 	和綴　1冊（2冊の内）　巻之一（一～三）　雷・雨・地震などの自然現象についての解説　序（宝永七庚寅歳正月上浣　養正斎三浦義泰）・自序（宝永七春庚寅正月上澣　三州田原ノ後学　兒嶋不求　投筆於武江寓舎）あり　書き入れあり　蔵書印あり（山楽蔵書）　文書番号石本文庫119-2と一具　	木版	 	01.003-2	石本文庫119-1	L000082	 	 	 	 	児島正長（不求斎）	 	 	 	 	 	 	 
11.その他	02.古文書	 	 	 	01.和古書類	天地或問珍　地	てんちわくもんちん　ち	61（含表紙）	21.8×15.4	須原屋茂兵衛（江戸日本橋南壹丁目）（ほか10名）	 	 	和綴　1冊（2冊の内）　巻之二（四～六）　狐火や天狗など不思議な事象についての解説　乱丁あり（五の13丁目が17丁目の後にあり）　最後の丁に和歌の書き入れあり　蔵書印あり（山楽蔵書）　文書番号石本文庫119-1と一具	木版	 	01.003-2	石本文庫119-2	L000083	 	 	 	 	児島正長（不求斎）	 	 	 	 	 	 	 
10.測地	02.古文書	 	 	 	01.和古書類	天文方御廻御先触写	てんもんかたおまわりおさきぶれうつし	6（含表紙）	25.6×16.7	 	1812	 	和綴　1冊　未之十一月（文化8年）に出された触書の写し（文化8年11月25日に江戸を出立した伊能忠敬による第8回全国測量について）	筆写本	25.長野（信濃）	01.003-2	石本文庫120	L000084	 	 	 	 	夏和村名主	 	 	 	 	 	夏和村	 
11.その他	03.文書	 	 	有	01.和古書類	箱根湖水使用願　神奈川縣足柄下郡仙石原村外七ヶ町村	はこねこすいしようねがい　かながわけんあしがらしもぐんせんごくはらむらほかしちかちょうそん	7（除表紙）+折込図2枚	27.4×19.9	 	 	 	和綴　1冊　絵図あり　「箱根湖水使用願」明治20年　差出：早川水利委員　仙石原村　須永傳蔵・同　勝俣沢次郎ほか25名　宛所：御料局長　岩村通俊殿　享保16年7月25日の箱根権現料と仙石原村の境論裁許状写あり	筆写本（彩色）	16.神奈川（相模）	01.003-2	石本文庫121	L000085	 	 	 	 	 	 	 	 	 	 	 	 
01.地震03.津波04.火事	02.古文書	01.地震・津波	134.宝永地震（宝永4年10月4日）［1707年10月28日］235.伊賀上野地震（安政元年6月15日）[1854年7月9日]237.238.安政東南海地震（安政元年11月4,5日）[1854年12月23,24日]245.安政江戸地震（安政2年10月2日）［1855年11月11日］	有	01.和古書類	諸国大地震大津波一代記	しょこくおおじしんおおつなみいちだいき	68（含表紙）	24.3×17.0	 	1855	 	和綴　1冊　宝永・安政期の地震・津波・火事についての年代記や解説書を抜き出して写したもの　21丁目と22丁目の間に挿入物（文書番号210-2）あり	筆写本	32.京都（山城．丹波．丹後）33.大阪（摂津．和泉．河内）	01.003-2	石本文庫210	L000086	 	 	 	 	木村氏店茂七郎 写	 	 	 	 	 	 	 
01.地震02.火山03.津波	02.古文書	01.地震・津波 / 02.火山	235.伊賀上野地震（安政元年6月15日）[1854年7月9日]237.238.安政東南海地震（安政元年11月4,5日）[1854年12月23,24日]	有	01.和古書類	海翻考　全	かいほんこう　ぜん	14（含表紙）	24.2×14.4	 	 	 	和綴　1冊　嘉永7年６月１４日伊賀上野、及び安政東南海地震からさかのぼる諸国の地震・津波・噴火の年代記　絵図あり　本奥書「安政二年歳在乙卯夏五下旬写之　曽根生　内藤休容（花押写）」　奥付に「渋川市蔵写之　大郷村御書物」とあり	筆写本	60.全国（諸国）	01.003-2	石本文庫211	L000087	 	 	 	 	足柄 小澤孱守	嘉永7年	 	 	 	 	 	 
01.地震11.その他	02.古文書	01.地震・津波	228.善光寺地震（弘化4年3月24日）［1847年5月8日］234.小田原地震（嘉永6年2月2日）[1853年3月11日]235.伊賀上野地震（安政元年6月15日）[1854年7月9日]237.238.安政東南海地震（安政元年11月4,5日）[1854年12月23,24日]245.安政江戸地震（安政2年10月2日）［1855年11月11日］251.飛越地震（安政5年2月26日）［1858年4月9日］	有	01.和古書類	信濃越後　地震書留	しなのえちご　じしんかきとめ	58（除表紙）	23.5×15.2	 	 	 	和綴　1冊　弘化４年善光寺地震に始まり、嘉永6年2月小田原地震、ペリー来航、翌年6月伊賀上野地震、9月ロシア船大坂来航、11月安政東南海地震、翌年10月安政江戸地震から元治元年までの書留　加賀藩前田家中の記録か　元裏表紙に「本町大竹姓」とあり	筆写本	 	01.003-2	石本文庫212	L000088	 	 	 	 	 	弘化4年	 	 	 	 	 	 
07.天文学	02.古文書	 	 	有	01.和古書類	雷震記　完	らいしんき　かん	17（含表紙）	22.7×16.0	梧陰菴蔵	 	 	和綴　1冊　内題：震雷記　雷に関する鳥獣・伝説について　巻末に朱印「神田綺文堂古今書籍発兌記」とあり　蔵書印あり（牛邑蔵書）	木版	 	01.003-3	石本文庫213	L000089	 	 	 	 	東都躋壽館都講 後藤光生黎春 纂輯 / 同館教授 宮城超安 / 教授 石冢元常 / 教授 小篠公安 同?	 	 	 	 	 	 	 
02.火山	02.古文書	02.火山	 	有	01.和古書類	肥前國島原領普賢山大変記　完	ひぜんのくにしまばらりょうふげんざんたいへんき　かん	19（含表紙）	23.6×16.0	 	 	 	和綴　1冊　寛政４年の島原普賢岳噴火について　巻末に奥書あり「廣羽氏筆　書中不通之処雖有之悉皆本書ニ従て写之者也」	筆写本	54.長崎（壱岐．対馬．西肥）	01.003-3	石本文庫214	L000090	 	 	 	 	廣羽氏 写	寛政4年	 	 	 	 	 	1792.雲仙岳（寛政4年）[1792年]
01.地震	02.古文書	01.地震・津波	129.元禄地震（元禄16年11月23日）［1703年12月31日］	有	01.和古書類	元禄地震記	げんろくじしんき	15（含表紙）	24..8×17.3	 	 	 	和綴　1冊　元禄地震による死者の数・江戸城内外の作事・大名火消等についての書留	筆写本	15.東京	01.003-3	石本文庫215	L000091	 	 	 	 	 	元禄16年	 	 	 	 	 	 
01.地震	02.古文書	01.地震・津波	 	有	01.和古書類	伏水大地震	ふしみおおじしん	59（含表紙）	22.0×15.8	 	 	 	和綴　1冊　加藤清正を中心とした人物の台詞の掛け合いなど　慶長伏見地震と思われる記述あり　「本朝地震記」からの引用あり　表紙に墨書「天正年間　他見不許」とあり　蔵書印あり（東京帝国大学図書・石本文庫）	筆写本	 	01.003-3	石本文庫216	L000092	 	 	 	 	 	 	 	 	 	 	 	 
01.地震	03.文書	01.地震・津波	228.善光寺地震（弘化4年3月24日）［1847年5月8日］237.238.安政東南海地震（安政元年11月4,5日）[1854年12月23,24日]245.安政江戸地震（安政2年10月2日）［1855年11月11日］272.濃尾地震（明治24 年10 月28日）[1891年]	有	01.和古書類	地震前兆集　全	じしんぜんちょうしゅう　ぜん	66（含表紙）	24.5×17.3	 	 	 	和綴　1冊　扉題：地震前兆　幕末～明治の地震見聞記からの抜き書き集、明治期のもの　絵図あり　最後の丁は紙が2枚重なっている（外側は白丁、内側は文面あり）　17丁目と18丁目の間に「武者にあるもの多し」と書かれたメモ用紙が挟まっている	筆写本	60.全国（諸国）	01.003-3	石本文庫217	L000093	 	 	 	 	 	弘化4年3月24日	 	 	 	 	 	 
01.地震	02.古文書	01.地震・津波	245.安政江戸地震（安政2年10月2日）［1855年11月11日］	有	01.和古書類	江戸中諸屋敷　地震竒談録	えどちゅうしょやしき　じしんきだんろく	12（含表紙）	25.0×17.0	 	 	 	和綴　1冊　内題：地震寄談録　安政江戸地震時の武家家中の被災記録	筆写本	15.東京	01.003-3	石本文庫218	L000094	 	 	 	 	 	安政2年10月2日	 	 	 	 	江戸	 
01.地震	02.古文書	01.地震・津波	245.安政江戸地震（安政2年10月2日）［1855年11月11日］	有	01.和古書類	地震考證　全	じしんこうしょう　ぜん	30（含表紙）	24.8×16.8	 	 	 	和綴　1冊　安政江戸地震に関する詩・狂歌・劇作・祭文を、関谷清景の命により盛山宗卓が写したもの　表紙貼紙「地震考証　安政二年江戸大地震後作ル所ノ詩文狂歌・劇作祭文ヲ載ス　内ニ大沼枕山・鷲津毅堂・寺門静軒ノ詩アリ、尤モ考証トシテ其要甚少ナカルベシ、關谷清景記」　蔵書印あり（關谷氏蔵書印）　虫損甚だしい	筆写本	15.東京	01.003-3	石本文庫219	L000095	 	 	 	 	盛山宗卓 写	安政2年10月2日	 	 	 	 	江戸	 
01.地震04.火事05.洪水06.暴風雨11.その他	02.古文書	01.地震・津波	228.善光寺地震（弘化4年3月24日）［1847年5月8日］	有	01.和古書類	信濃國地震實録記	しなののくにじしんじつろくき	38（除表紙）	26.1×18.0	 	 	 	和綴　1冊　扉書：弘化四年未正月より諸國変事御届等寫　諸国で起きた変事についての届書や申渡をまとめたもの（弘化4年正月～9月）、善光寺地震に関するものがほとんどだが、中には肥前国天草での百姓騒動や尾張の風雨被害に関するものなども含まれる　絵図あり（25丁目に別紙絵図面2紙、彩色）	筆写本	60.全国（諸国）	01.003-4	石本文庫220	L000096	 	 	 	 	 	弘化4年	 	 	 	 	 	 
01.地震04.火事05.洪水	02.古文書	01.地震・津波	228.善光寺地震（弘化4年3月24日）［1847年5月8日］	有	01.和古書類	善光寺地震聞書	ぜんこうじじしんききがき	21（除表紙）	24.5×17.0	 	 	 	和綴　1冊　目録題：善光寺大地震聞書　後編　善光寺地震の聞き書き集　奥書によると嘉永3年11月に濃州恵那郡久須見村の水野万治郎が善光寺山内の渡辺順左エ門に差出したもの	筆写本	25.長野（信濃）19.新潟（越後．佐渡）	01.003-4	石本文庫221	L000097	 	 	 	 	久須見村千田住人 水野萬治	弘化4年3月24日	 	 	 	 	 	 
01.地震04.火事05.洪水	02.古文書	01.地震・津波	228.善光寺地震（弘化4年3月24日）［1847年5月8日］	有	01.和古書類	弘化丁未天變日記	こうかひのとひつじてんぺんにっき	35（含表紙）	25.2×16.2	 	 	 	和綴　1冊　弘化4年3月24日から8月7日までの地震日記の写しや越後国高田藩榊原家および諸家の届書などをまとめたもの　筆者は越後高田藩の者か　裏表紙に村田龍三とあり	筆写本	19.新潟（越後．佐渡）25.長野（信濃）	01.003-4	石本文庫222	L000098	 	 	 	 	村田龍三ヵ	弘化4年3月24日	 	 	 	 	 	 
01.地震04.火事11.その他	02.古文書	01.地震・津波	245.安政江戸地震（安政2年10月2日）［1855年11月11日］	有	01.和古書類	安政二乙卯年十月二日大地震之事	あんせいにきのとうのとしじゅうがつふつかおおじしんのこと	61（含表紙）	24.0×16.9	 	 	 	和綴　1冊　安政江戸地震に際して出された町触、諸大名への回状留、諸大名の届出などを収集したもの、鯰絵一件に関する記述あり　題箋欠、虫損甚だしい	筆写本	15.東京	01.003-4	石本文庫223	L000099	 	 	 	 	 	安政2年10月2日	 	 	 	 	江戸	 
01.地震04.火事05.洪水	02.古文書	01.地震・津波	228.善光寺地震（弘化4年3月24日）［1847年5月8日］	有	01.和古書類	弘化四　大地震由来　全	こうかよん　おおじしんゆらい　ぜん	14（除表紙）	23.7×15.5	 	1847	 	和綴　1冊　弘化４年の善光寺地震について　虫損甚だしい	筆写本	25.長野（信濃）19.新潟（越後．佐渡）	01.003-4	石本文庫224	L000100	 	 	 	 	波静亭 叙文	弘化4年3月24日	 	 	 	 	 	 
01.地震09.気象	02.古文書	 	 	有	01.和古書類	雷公地震由來記　全	らいこうじしんゆらいき　ぜん	24（含表紙）	18.7×12.5	東都　文の屋蔵	 	 	和綴　1冊　雷・地震のメカニズムについての考証　絵図あり　（ID）L001159と同一　蔵書印あり（東京帝国大学図書・石本文庫）	木版	 	01.003-4	石本文庫225	L000101	 	 	 	 	（諸大人之説輯）	 	 	 	 	 	 	 
01.地震09.気象	02.古文書	01.地震・津波	129.元禄地震（元禄16年11月23日）［1703年12月31日］134.宝永地震（宝永4年10月4日）［1707年10月28日］210.越後三条地震（文政11年11月12日）［1828年12月18日］228.善光寺地震（弘化4年3月24日）［1847年5月8日］237.238.安政東南海地震（安政元年11月4,5日）[1854年12月23,24日]245.安政江戸地震（安政2年10月2日）［1855年11月11日］	有	01.和古書類	震雷考説　全	しんらいこうせつ　ぜん	30（含表紙）	23.0×16.3	 	 	 	和綴　1冊　地震および雷の年代記（地震は孝霊天皇5年～安政江戸地震、雷は延喜14年正月～嘉永3年8月）、地震・雷に関わる変事についても記述あり　巻末に「安政二乙卯年十一月」、後序に「安政丙辰春三月」とあり　絵図あり　蔵書印あり（■田氏蔵書）　虫損甚だしい	木版	60.全国（諸国）	01.003-4	石本文庫226	L000102	 	 	 	 	村山正隆	安政2年	 	 	 	 	 	 
01.地震03.津波04.火事	02.古文書	01.地震・津波	129.元禄地震（元禄16年11月23日）［1703年12月31日］134.宝永地震（宝永4年10月4日）［1707年10月28日］228.善光寺地震（弘化4年3月24日）［1847年5月8日］235.伊賀上野地震（安政元年6月15日）[1854年7月9日]237.238.安政東南海地震（安政元年11月4,5日）[1854年12月23,24日]	有	01.和古書類	諸國大地震年代記　末代噺種	しょこくおおじしんねんだいき　まつだいはなしのたね	21（除表紙）	16.3×11.2	 	 	 	和綴　1冊　大地震大津波末代噺種　三編　地震年代記および嘉永７年の安政東南海地震の被害状況と戯文　絵図あり　文書番号地震学教室56と同一、文書番号230はこの史料を筆写したもの	木版	60.全国（諸国）	01.003-4	石本文庫227	L000103	 	 	 	 	 	嘉永7年	 	 	 	 	 	 
01.地震04.火事	02.古文書	01.地震・津波	245.安政江戸地震（安政2年10月2日）［1855年11月11日］	有	01.和古書類	関東　大地震細記	かんとう　おおじしんさいき	5（除表紙）	17.9×11.8	 	 	 	和綴　1冊　安政江戸地震の被害についての瓦版　絵図あり　2丁目に墨書あり　蔵書印あり（東京帝国大学図書・石本文庫）	木版	15.東京	01.003-4	石本文庫228	L000104	 	 	 	 	 	安政2年10月2日	 	 	 	 	江戸	 
01.地震03.津波	02.古文書	01.地震・津波	237.238.安政東南海地震（安政元年11月4,5日）[1854年12月23,24日]	有	01.和古書類	諸国海辺地震津波書	しょこくうみべじしんつなみがき	9（除表紙）	16.4×11.9	 	 	 	和綴　1冊　尾題：國部類（くにふるゐ）　安政東南海地震の被害状況についての瓦版、各丁の柱に「なまづ」と書かれている　絵図あり	木版	16.神奈川（相模）27.静岡（駿河．遠江．伊豆）28.愛知（尾張．三河）29.三重（伊勢．伊賀．志摩）32.京都（山城．丹波．丹後）33.大阪（摂津．和泉．河内）24.山梨（甲斐）25.長野（信濃）11.栃木（下野）26.岐阜（美濃．飛騨）	01.003-4	石本文庫229	L000105	 	 	 	 	 	嘉永7年	 	 	 	 	 	 
01.地震03.津波04.火事	02.古文書	01.地震・津波	129.元禄地震（元禄16年11月23日）［1703年12月31日］134.宝永地震（宝永4年10月4日）［1707年10月28日］228.善光寺地震（弘化4年3月24日）［1847年5月8日］235.伊賀上野地震（安政元年6月15日）[1854年7月9日]237.238.安政東南海地震（安政元年11月4,5日）[1854年12月23,24日]	有	01.和古書類	諸國大地震年代記末代噺種	しょこくおおじしんねんだいきまつだいはなしのたね	17（除表紙）	16.0×14.3	 	 	編年史料	和綴　1冊　地震年代記および安政東南海地震の被害状況と戯文　絵図あり　文書番号石本文庫227，地震学教室56を筆写したもの　裏表紙に「手帳」と墨書あり	筆写本	60.全国（諸国）	01.003-4	石本文庫230	L000106	 	 	 	 	 	嘉永7年	 	 	 	 	 	 
01.地震04.火事	02.古文書	01.地震・津波	020.貞観地震（貞観11年5月26日）[869年7月13日]129.元禄地震（元禄16年11月23日）［1703年12月31日］228.善光寺地震（弘化4年3月24日）［1847年5月8日］234.小田原地震（嘉永6年2月2日）[1853年3月11日]235.伊賀上野地震（安政元年6月15日）[1854年7月9日]237.238.安政東南海地震（安政元年11月4,5日）[1854年12月23,24日]245.安政江戸地震（安政2年10月2日）［1855年11月11日］	有	01.和古書類	諸國地震年代記	しょこくじしんねんだいき	16（含表紙）	17.3×11.9	陰陽堂蔵	 	編年史料	和綴　1冊　安政江戸地震までの地震年代記及び、安政江戸地震の被害　絵図あり　文書番号石本文庫27と同一、文書番号1842も同じ内容だが表紙書入れの書名が「本朝地震記」になっている、（ID）L001152もほぼ同一だが末尾の1丁分を欠く　蔵書印あり（東京帝国大学図書・石本文庫）	木版	60.全国（諸国）	01.003-4	石本文庫231	L000107	 	 	 	 	恐震	安政2年	 	 	 	 	 	 
01.地震03.津波04.火事	02.古文書	01.地震・津波	234.小田原地震（嘉永6年2月2日）[1853年3月11日]	有	01.和古書類	相州小田原箱根地震くどき	そうしゅうおだわらはこねじしんくどき	4（除表紙）	18.5×11.7	 	 	 	和綴　1冊　上・下合冊　小田原地震に関する戯文　絵図あり　蔵書印あり（東京帝国大学図書・石本文庫）　　	木版	16.神奈川（相模）	01.003-4	石本文庫232	L000108	 	 	 	 	 	嘉永6年	 	 	 	 	小田原・箱根	 
01.地震	02.古文書	01.地震・津波	210.越後三条地震（文政11年11月12日）［1828年12月18日］	有	01.和古書類	越後地震口説	えちごじしんくどき	15（除表紙）	18.3×12.2	 	 	 	和綴　1冊　越後三条地震口説　絵図あり　蔵書印あり（東京帝国大学図書・石本文庫）　（ID）L001153と同じ内容（ただし、L001153にはこの本などの広告があるが、文書番号石本文庫233には広告はない）	木版	19.新潟（越後．佐渡）	01.004-1	石本文庫233	L000109	 	 	 	 	 	文政11年11月12日	 	 	 	 	 	 
01.地震	02.古文書	01.地震・津波	228.善光寺地震（弘化4年3月24日）［1847年5月8日］	有	01.和古書類	信州ぢしんやんれぶし　上・下	しんしゅうじしんやんれぶし　じょう、げ	4（除表紙）	18.2×10.8	 	 	 	和綴　1冊　上・下合冊　下巻の書名：ぢしんやんれぶし　善光寺地震に関する戯文の瓦版　上・下巻の表紙に墨書「善光寺」とあり	木版	25.長野（信濃）	01.004-1	石本文庫234	L000110	 	 	 	 	 	弘化4年3月24日	 	 	 	 	 	 
01.地震04.火事	02.古文書	01.地震・津波	245.安政江戸地震（安政2年10月2日）［1855年11月11日］	有	01.和古書類	地震やくはらひ	じしんやくはらい	3（含表紙）	18.0×11.5	大道散人校合	 	 	和綴　1冊　安政江戸地震に関する戯文の瓦版　絵図あり	木版	 	01.004-1	石本文庫235	L000111	 	 	 	 	微利庵諸志 戯作 / 大道散人 校合	安政2年10月2日	 	 	 	 	 	 
01.地震04.火事	02.古文書	01.地震・津波	245.安政江戸地震（安政2年10月2日）［1855年11月11日］	有	01.和古書類	大ぢしん焼ハらくどき　上・下	おおじしんやけはらくどき　じょう・げ	6（含表紙）	17.5×11.5	竹染板	1855	 	和綴　1冊　上・下合冊　下巻の書名：新板　大地しんやけハらくどき　安政江戸地震に関する戯文の瓦版	木版	 	01.004-1	石本文庫236	L000112	 	 	 	 	 	安政2年10月2日	 	 	 	 	 	 
01.地震	02.古文書	01.地震・津波	228.善光寺地震（弘化4年3月24日）［1847年5月8日］	有	01.和古書類	信州大地震一件之冩　丁未弘化四年三月吉日	しんしゅうおおじしんいっけんのうつし　ひのとひつじこうかよねんさんがつきちじつ	23（含表紙）	12.5×34.5	 	 	 	和綴　1冊　善光寺地震の被害状況、在所被害大名の届出書など　絵図あり（被害周辺地域図）	筆写本	25.長野（信濃）	01.004-1	石本文庫237	L000113	 	 	 	 	 	弘化4年3月24日	 	 	 	 	 	 
01.地震04.火事	02.古文書	01.地震・津波	245.安政江戸地震（安政2年10月2日）［1855年11月11日］	有	01.和古書類	地震出火　男女死人怪我人書上之冩	じしんしゅっか　だんじょしにんけがにんかきあげのうつし	5（含表紙）	11.8×29.8	 	 	 	和綴　1冊　安政江戸地震での町方死亡者、怪我人の書上　文書番号地震学教室51の合冊しているものの前半部分と同じ内容だが、版木は別	木版	15.東京	01.004-1	石本文庫238	L000114	 	 	 	 	 	安政2年10月2日	 	 	 	 	江戸	 
01.地震04.火事	02.古文書	01.地震・津波	245.安政江戸地震（安政2年10月2日）［1855年11月11日］	有	01.和古書類	江戸　大地震臣細録　全	えど　おおじしんしんさいろく　ぜん	18（含表紙）	9.0×18.8	 	 	 	和綴　1冊　安政江戸地震の倒壊類焼場所の記録　絵図あり　外題は「・・・巨細・」（こさい）の誤りか　蔵書印あり（東京帝国大学図書・石本文庫）	木版（多色刷）	15.東京	01.004-1	石本文庫239	L000115	 	 	 	 	 	安政2年10月2日	 	 	 	 	江戸	 
01.地震04.火事	02.古文書	01.地震・津波	245.安政江戸地震（安政2年10月2日）［1855年11月11日］	有	01.和古書類	御府内近郷邊　大地震出火巨細控　安政二乙卯年十一月十五日　改正増補	ごふないきんごうあたり　おおじしんしゅっかこさいひかえ	9（除表紙）	8.0×16.6	昌平豊饒ヵ	1855	 	和綴　1冊　内題：町鑑銘細記　安政江戸地震の倒壊類焼場所を記録した瓦版　巻末に天正13年からの地震・火事をまとめた「天正以来地火年数」あり　蔵書印あり（東京帝国大学図書・石本文庫）　文書番号地震学教室63はこの史料の写真（ただし、地震学教室63は「天正以来地火年数」を欠く）	木版	15.東京	01.004-1	石本文庫240	L000116	 	 	 	 	安田君口 訂	安政2年10月2日	 	 	 	 	江戸	 
01.地震04.火事	02.古文書	01.地震・津波	245.安政江戸地震（安政2年10月2日）［1855年11月11日］	有	01.和古書類	御府内五街道　大地しん	ごふないごかいどう　おおじしん	5（含表紙）	18.2×12.2	調集堂	1855	 	和綴　1冊　安政江戸地震の被害を伝える瓦版　表紙上部に墨書「安政二卯年十月二日」	木版	15.東京	01.004-1	石本文庫241	L000117	 	 	 	 	御安臺賤丸 撰	安政2年10月2日	 	 	 	 	江戸	 
01.地震04.火事	02.古文書	01.地震・津波	245.安政江戸地震（安政2年10月2日）［1855年11月11日］	有	01.和古書類	関東五街道　江戸大地震出火場所	かんとうごかいどう　えどおおじしんしゅっかばしょ	11（含表紙）	17.3×11.8	東都　瓢鯰堂蔵	1855	 	和綴　1冊　安政江戸地震の出火場所の瓦版　絵図あり　文書番号石本文庫242Bと同一　蔵書印あり（山本・東京帝国大学図書・石本文庫）	木版	15.東京	01.004-1	石本文庫242(A)	L000118	 	 	 	 	 	安政2年10月2日	 	 	 	 	江戸	 
01.地震04.火事	02.古文書	01.地震・津波	245.安政江戸地震（安政2年10月2日）［1855年11月11日］	有	01.和古書類	安政二卯年　江戸大地震并出火附	あんせいにうのとし　えどおおじしんならびにしゅっかづけ	12（含表紙）	18.2×12.0	 	1855	 	和綴　1冊　外題：「江戸前鯰大家破焼　やんれくどき」　安政江戸地震の戯文集の瓦版　蔵書印あり（東京帝国大学図書・石本文庫）	木版	15.東京	01.004-1	石本文庫244	L000119	 	 	 	 	市中隠士 大道散人 誌	安政2年10月2日	 	 	 	 	江戸	 
01.地震04.火事	02.古文書	01.地震・津波	245.安政江戸地震（安政2年10月2日）［1855年11月11日］	有	01.和古書類	鯰太平記混雑ばなし	なまずたいへいきどさくさばなし	4（含表紙）	17.8×12.0	 	 	 	和綴　1冊　内題：鯰太平記混雑噺　安政江戸地震の戯文　蔵書印あり（東京帝国大学図書・石本文庫）	木版	 	01.004-1	石本文庫245	L000120	 	 	 	 	市中庵大道子 作 / 素人齋繪狂 画	安政2年	 	 	 	 	 	 
01.地震04.火事	02.古文書	01.地震・津波	245.安政江戸地震（安政2年10月2日）［1855年11月11日］	 	01.和古書類	関東五街道　江戸大地震出火場所	かんとうごかいどう　えどおおじしんしゅっかばしょ	11（含表紙）	17.3×11.8	東都　瓢鯰堂蔵	1855	 	和綴　1冊　安政江戸地震の出火場所の瓦版　絵図あり　文書番号石本文庫242Aと同一　蔵書印あり（山本・東京帝国大学図書・石本文庫）	木版	15.東京	01.004-1	石本文庫242(B)	L001212	 	 	 	 	 	安政2年10月2日	 	 	 	 	江戸	 
01.地震04.火事06.暴風雨	02.古文書	01.地震・津波	237.238.安政東南海地震（安政元年11月4,5日）[1854年12月23,24日]245.安政江戸地震（安政2年10月2日）［1855年11月11日］	有	01.和古書類	安政乙卯江戸大地震筆記　安政丙辰八月大阪大雷雨之記追加　安政三辰年七月松前辺大地震并八月大風雨記録	あんせいきのとうえどおおじしんひっき　あんせいひのえたつのはちがつおおさかだいらいうのきついか　あんせいさんたつどししちがつまつまえあたりおおじしんならびにはちがつだいふううきろく	80（含表紙）	26.5×18.0	 	 	 	和綴　1冊　小口書：地震筆記下　安政江戸地震での水戸藩関係の書状・江戸売買絵図面明細書・地震類焼場所明細書・此節所々風聞之趣・見聞録・見聞誌を写したもの、安政3年7月23日松前蝦夷地大地震についての書状写し、安政3年8月12日大坂雷雨之記、同25日大風雨筆記、嘉永7年寅6月即安政元年東海道筋大地震一条家兄遊仙君筆記之面此所へ追記の写し　「安政2卯江戸大地震筆記出火方角附」「御府内五街道大地しん」「御府内御屋敷方市中共北震類焼場所明細書之写」を綴じ込む　蔵書印あり（増子氏蔵書印）	筆写本	 	01.004-2	石本文庫246	L000121	 	 	 	 	 	安政3年	 	 	 	 	 	 
01.地震04.火事	02.古文書	01.地震・津波	245.安政江戸地震（安政2年10月2日）［1855年11月11日］	有	01.和古書類	[江戸東本願寺記録]	[えどひがしほんがんじきろく]	24（表紙なし）	23.0×16.2	 	 	 	和綴　1冊　江戸・東本願寺の安政江戸地震の際の記録、並びに幕閣諸家の被害書上　蔵書印あり（園林文庫）	筆写本	15.東京	01.004-2	石本文庫247	L000122	 	 	 	 	 	安政2年	 	 	 	 	 	 
02.火山	02.古文書	02.火山	 	有	01.和古書類	浅間大変略記	あさまたいへんりゃくき	20（含表紙）	25.3×15.8	 	 	 	和綴　1冊　浅間山大噴火の被害、天明7年7月～8年3月の諸穀相場など	筆写本	12.群馬（上野）13.埼玉（武蔵）	01.004-2	石本文庫248	L000123	 	 	 	 	 	天明3年	 	 	 	 	 	1783.浅間山（天明3年）[1783年]
02.火山04.火事06.暴風雨	02.古文書	02.火山	 	有	01.和古書類	[諸国災害記録]	[しょこくさいがいきろく]	71（含表紙）	23.3×16.8	 	 	 	和綴　1冊　天明３年浅間噴火、安永７年伊豆大島噴火、その他変事書留　絵図あり（彩色）	筆写本	12.群馬（上野）13.埼玉（武蔵）14.千葉（安房．上総．下総）25.長野（信濃）27.静岡（駿河．遠江．伊豆）33.大阪（摂津．和泉．河内）	01.004-2	石本文庫249	L000124	 	 	 	 	 	天明3年	 	 	 	 	 	1783.浅間山（天明3年）[1783年]
01.地震05.洪水	02.古文書	01.地震・津波	228.善光寺地震（弘化4年3月24日）［1847年5月8日］	有	01.和古書類	[善光寺地震に関する冊子]	[ぜんこうじじしんにかんするさっし]	21（除表紙）	22.0×16.7	 	 	 	和綴　1冊　善光寺地震の被害書上及び地震鯰之風怪状などの戯文収録　絵図あり（彩色、善光寺周辺）	筆写本	25.長野（信濃）	01.004-2	石本文庫250	L000125	 	 	 	 	 	弘化4年	 	 	 	 	 	 
01.地震05.洪水	02.古文書	01.地震・津波	228.善光寺地震（弘化4年3月24日）［1847年5月8日］	有	01.和古書類	信州地震一件	しんしゅうじしんいっけん	46（除表紙）	25.7×17.9	 	 	 	和綴　1冊　善光寺地震の被害書上及び江戸で出た地震鯰の風怪状の写しあり、弘化4年3月のものが中心　絵図あり	筆写本	25.長野（信濃）	01.004-2	石本文庫251	L000126	 	 	 	 	 	弘化4年	 	 	 	 	 	 
02.火山05.洪水	02.古文書	02.火山	 	有	01.和古書類	浅間焼見聞實記	あさまやけけんぶんじっき	42（表紙なし）	25.7×15.7	 	 	 	和綴　1冊　浅間山大噴火の見聞記　絵図あり（彩色）　上巻の写し　地震学教室27（上・下巻の謄写本）は上巻の内容はほぼ同じ　蔵書印あり（石本）	筆写本	 	01.004-3	石本文庫252	L000127	 	 	 	 	 	天明3年	 	 	 	 	 	1783.浅間山（天明3年）[1783年]
02.火山	02.古文書	02.火山	 	有	01.和古書類	天明淺間噴火ニ関スル書類	てんめいあさまふんかにかんするしょるい	83（除表紙）	12.2×30.8	 	1784	 	和綴　1冊　浅間噴火災害復旧に関する長帳を綴じ合せたもの　内容①御普請ニ付諸入用控（天明四年辰正月元日、三谷佐市兵衛様御見分御泊り）　②御普請人足控帳（天明四年辰正月十五日、宮崎村）　③御救御普請人足賃米代渡帳 （天明四年辰正月十八日、宮崎村）　④為惣種代惣百姓江頂戴仕候覚（天明四年辰三月吉日）　⑤御百姓之内老人江別段ニ被下置御救覚（天明四年辰三月吉日、岩瀬庄右衛門）　⑥卯年御救御普請御手傳細川越中守様ヨリ相渡り候割増（宮崎邑、岩瀬庄右衛門）　蔵書印あり（地震学教室図書之印）	筆写本	12.群馬（上野）	01.004-3	石本文庫253	L000128	 	 	 	 	宮崎邑 岩瀬庄右衛門	天明3年	 	 	 	 	宮崎村	1783.浅間山（天明3年）[1783年]
02.火山	02.古文書	02.火山	 	有	01.和古書類	浅間山砂降曰	あさまやますなふりいわく	24（除表紙）	27.2×19.4	 	1783（1861写）	 	和綴　1冊　深谷宿稲荷町　本間亀太郎旧蔵　浅間山噴火の降砂被害書上　蔵書印あり（石本）	筆写本	12.群馬（上野）	01.004-3	石本文庫254	L000129	 	 	 	 	髙橋嘉重郎 筆写	天明3年	 	 	 	 	 	1783.浅間山（天明3年）[1783年]
01.地震04.火事	02.古文書	01.地震・津波	245.安政江戸地震（安政2年10月2日）［1855年11月11日］	有	01.和古書類	関東并街道筋　御府内大地震類焼場所再細記	かんとうならびにかいどうすじ　ごふないおおじしんるいしょうばしょさいさいき	8（含表紙）	11.7×31.5	 	1855	 	和綴　1冊　安政江戸地震被害の瓦版　「禁賣」とあり	木版	15.東京	01.004-3	石本文庫256	L000131	35.689488	139.691706	35.689488	139.691706	 	安政2年	 	 	 	 	江戸	 
01.地震04.火事	02.古文書	01.地震・津波	245.安政江戸地震（安政2年10月2日）［1855年11月11日］	有	01.和古書類	江戸大地震并ニ出火場所細見録	えどおおじしんならびにしゅっかばしょさいけんろく	8（含表紙）	11.0×30.7	太平堂撰	1855	 	和綴　1冊　安政江戸地震被害の瓦版　絵図あり　文書番号石本文庫33と同一	木版	15.東京	01.004-3	石本文庫257	L000132	35.689488	139.691706	35.689488	139.691706	千歳庵 述文	安政2年	 	 	 	 	江戸	 
01.地震02.火山03.津波04.火事05.洪水	02.古文書	01.地震・津波 / 02.火山	 	有	01.和古書類	後見笑	のちみわらい	92（含表紙）	24.7×18.9	 	1782	 	和綴　1冊　天明2年から寛政8年までの真宗本願寺派ヵの僧侶の廻国中の見聞記　絵図あり　「（熊本県山鹿市）岩原村水車」とあり	筆写本	60.全国（諸国）	01.004-4	石本文庫255	L000130	 	 	 	 	 	寛政4年	 	 	 	 	 	1792.雲仙岳（寛政4年）[1792年]
